TABLE_CATALOG,TABLE_SCHEMA,TABLE_NAME,COLUMN_NAME,ORDINAL_POSITION,IS_NULLABLE,DATA_TYPE,NUMERIC_PRECISION,NUMERIC_SCALE,CHARACTER_MAXIMUM_LENGTH,CHARACTER_OCTET_LENGTH,DATETIME_PRECISION
DB1,dbo,table_Ln,column_tm_ie_XF,1,NO,uniqueidentifier,,,,,
DB1,dbo,table_Ln,column_D_ae_IQ,2,NO,uniqueidentifier,,,,,
DB1,dbo,table_Ln,column_rI_oc_EH,3,NO,uniqueidentifier,,,,,
DB1,dbo,table_Ln,column__uI_KX,4,NO,uniqueidentifier,,,,,
DB1,dbo,table_Ln,column_Nm_is_WP,5,YES,varchar,,,500,500,
DB1,dbo,table_Ln,column_m_un_YT,6,YES,varchar,,,500,500,
DB1,dbo,table_Ln,column_fi_ae_JN,7,YES,datetime,,,,,3
DB1,dbo,table_Ln,column_ae_ei_FH,8,YES,varchar,,,10,10,
DB1,dbo,table_Ln,column_fe_ae_IG,9,YES,datetime,,,,,3
DB1,dbo,table_Ln,column_ub_tm_KT,10,YES,varchar,,,50,50,
DB1,dbo,table_Ln,column_iP_ee_DJ,11,YES,numeric,28,2,,,
DB1,dbo,table_Ln,column_ea_eo_PV,12,YES,numeric,28,2,,,
DB1,dbo,table_Ln,column_I_li_OR,13,YES,varchar,,,50,50,
DB1,dbo,table_Ln,column_si_rc_JS,14,YES,datetime,,,,,3
DB1,dbo,table_Ln,column__I_DP,15,YES,varchar,,,100,100,
DB1,dbo,table_Ln,column_in_ei_YR,16,YES,uniqueidentifier,,,,,
DB1,dbo,table_Ln,column_ns_om_MS,17,YES,varchar,,,2000,2000,
DB1,dbo,table_Ln,column_eO_ra_PB,18,NO,datetime,,,,,3
DB1,dbo,table_Ln,column_eB_ra_XV,19,NO,uniqueidentifier,,,,,
DB1,dbo,table_Ln,column_eO_pa_GV,20,YES,datetime,,,,,3
DB1,dbo,table_Ln,column_eB_pa_BQ,21,YES,uniqueidentifier,,,,,
DB1,dbo,table_Ln,column_Tp_nu_SB,22,YES,varchar,,,50,50,
DB1,dbo,table_Ln,column_ec_tm_ZG,23,YES,varchar,,,200,200,
DB1,dbo,table_Ln,column_ie_rc_PX,24,YES,varchar,,,7,7,
DB1,dbo,table_Ln,column_lt_ac_JA,25,YES,varchar,,,50,50,
DB1,dbo,table_Ln,column_tv_ne_BC,26,YES,varchar,,,255,255,
DB1,dbo,table_Ln,column_ey_eo_EG,27,YES,uniqueidentifier,,,,,
DB1,dbo,table_Ln,column_tS_ea_EV,28,YES,uniqueidentifier,,,,,
DB1,dbo,table_Ln,column_ro_cn_ZU,29,YES,varchar,,,15,15,
DB1,dbo,table_Ln,column_e_ee_SD,30,YES,bit,,,,,
DB1,dbo,table_Ln,column_tA_ea_AF,31,YES,numeric,28,4,,,
DB1,dbo,table_Ln,column_ae_B7_QP,32,YES,datetime,,,,,3
DB1,dbo,table_Ln,column_Pn_oa_MX,33,YES,numeric,28,4,,,
DB1,dbo,table_Ln,column_OC_li_SX,34,YES,varchar,,,3,3,
DB1,dbo,table_Ln,column_Do_rR_FD,35,YES,varchar,,,2000,2000,
DB1,dbo,table_Ln,column_De_rR_SO,36,YES,uniqueidentifier,,,,,
DB1,dbo,table_Ln,column_d_ok_SH,37,YES,bit,,,,,
DB1,dbo,table_Ln,column_Dm_rR_CZ,38,YES,numeric,28,4,,,
DB1,dbo,table_Ln,column_dr_eo_TG,39,YES,uniqueidentifier,,,,,
DB1,dbo,table_Ln,column_rP_rm_MA,40,YES,numeric,5,2,,,
DB1,dbo,table_Ln,column_Dr_rR_OC,41,YES,numeric,5,2,,,
DB1,dbo,table_Ln,column_lt_BR_FM,42,YES,uniqueidentifier,,,,,
DB1,dbo,table_ea,column_ye_oe_OP,1,NO,nvarchar,,,30,60,
DB1,dbo,table_ea,column_ye_oe_JY,2,NO,uniqueidentifier,,,,,
DB1,dbo,table_ea,column_ea_oe_AQ,3,NO,uniqueidentifier,,,,,
DB1,dbo,table_ea,column_it_ec_PG,4,NO,nvarchar,,,255,510,
DB1,dbo,table_ea,column_eO_ra_XC,5,YES,datetime,,,,,3
DB1,dbo,table_ea,column_eB_ra_XC,6,YES,uniqueidentifier,,,,,
DB1,dbo,table_ea,column_eO_pa_DG,7,YES,datetime,,,,,3
DB1,dbo,table_ea,column_eB_pa_WA,8,YES,uniqueidentifier,,,,,
DB1,dbo,table_ea,column_e_ee_TR,9,NO,bit,,,,,
DB1,dbo,table_ea,column_iE_ue_ZB,10,NO,numeric,5,2,,,
DB1,dbo,table_ea,column_do_hr_SK,11,YES,uniqueidentifier,,,,,
DB1,dbo,table_ls,column_yd_ni_HM,1,NO,varchar,,,30,30,
DB1,dbo,table_ls,column_I_il_ZV,2,NO,varchar,,,30,30,
DB1,dbo,table_ls,column_Nm_al_QW,3,NO,varchar,,,100,100,
DB1,dbo,table_ls,column_na_ou_NG,4,NO,varchar,,,100,100,
DB1,dbo,table_ls,column_Cm_al_EJ,5,NO,varchar,,,1024,1024,
DB1,dbo,table_ls,column_no_ou_NI,6,NO,varchar,,,1024,1024,
DB1,dbo,table_ls,column_in_uc_WY,7,NO,varchar,,,100,100,
DB1,dbo,table_ls,column_na_ou_KV,8,NO,varchar,,,50,50,
DB1,dbo,table_ls,column_lb_su_AL,9,NO,bit,,,,,
DB1,dbo,table_ls,column_ne_ou_FM,10,NO,varchar,,,50,50,
DB1,dbo,table_ls,column_dn_se_YY,11,NO,bit,,,,,
DB1,dbo,table_ls,column_nC_ou_UQ,12,NO,smallint,5,0,,,
DB1,dbo,table_ls,column_in_uc_IN,13,NO,smallint,5,0,,,
DB1,dbo,table_ls,column_PI_al_SP,14,NO,smallint,5,0,,,
DB1,dbo,table_M_,column_rd_et_NO,1,NO,uniqueidentifier,,,,,
DB1,dbo,table_M_,column_ra_et_AW,2,NO,nvarchar,,,200,400,
DB1,dbo,table_M_,column_nN_co_GN,3,YES,nvarchar,,,255,510,
DB1,dbo,table_M_,column__B_HK,4,YES,nvarchar,,,50,100,
DB1,dbo,table_M_,column_sL_dr_YY,5,YES,nvarchar,,,100,200,
DB1,dbo,table_M_,column_sL_dr_OV,6,YES,nvarchar,,,100,200,
DB1,dbo,table_M_,column_b_uu_PE,7,YES,nvarchar,,,50,100,
DB1,dbo,table_M_,column_Nm_tt_LG,8,NO,nvarchar,,,15,30,
DB1,dbo,table_M_,column_Cd_tt_DR,9,NO,uniqueidentifier,,,,,
DB1,dbo,table_M_,column_oe_ot_OA,10,YES,nvarchar,,,20,40,
DB1,dbo,table_M_,column_cN_ot_YS,11,YES,nvarchar,,,255,510,
DB1,dbo,table_M_,column__mi_SP,12,YES,nvarchar,,,255,510,
DB1,dbo,table_M_,column_hn_ad_FD,13,YES,nvarchar,,,25,50,
DB1,dbo,table_M_,column_eh_oi_ZS,14,YES,nvarchar,,,25,50,
DB1,dbo,table_M_,column_rt_et_RT,15,YES,nvarchar,,,-1,-1,
DB1,dbo,table_M_,column_ub_ae_IY,16,YES,nvarchar,,,-1,-1,
DB1,dbo,table_M_,column_ub_ae_WM,17,YES,nvarchar,,,-1,-1,
DB1,dbo,table_M_,column_nB_un_JE,18,NO,varchar,,,3,3,
DB1,dbo,table_M_,column_nB_un_UL,19,YES,datetime,,,,,3
DB1,dbo,table_M_,column_nB_un_WN,20,YES,datetime,,,,,3
DB1,dbo,table_M_,column_nB_un_EL,21,YES,nvarchar,,,4000,8000,
DB1,dbo,table_M_,column_eO_ra_GH,22,NO,datetime,,,,,3
DB1,dbo,table_M_,column_eO_pa_CW,23,YES,datetime,,,,,3
DB1,dbo,table_sA,column_ny_ci_PH,1,YES,nvarchar,,,261,522,
DB1,dbo,table_sA,column_ci_ae_YV,2,YES,nvarchar,,,255,510,
DB1,dbo,table_sA,column_sI_eu_EM,3,NO,uniqueidentifier,,,,,
DB1,dbo,table_sA,column_wp_ol_VM,4,YES,datetime,,,,,3
DB1,dbo,table_sA,column_cu_ae_CU,5,YES,datetime,,,,,3
DB1,dbo,table_sA,column_me_SC_YC,6,YES,nvarchar,,,-1,-1,
DB1,dbo,table_na,column_mr_ut_JK,1,NO,nvarchar,,,200,400,
DB1,dbo,table_na,column_x_rf_OZ,2,YES,nvarchar,,,20,40,
DB1,dbo,table_na,column_Nm_is_VO,3,YES,nvarchar,,,50,100,
DB1,dbo,table_na,column_ea_id_HP,4,YES,nvarchar,,,50,100,
DB1,dbo,table_na,column_ae_at_TT,5,YES,nvarchar,,,50,100,
DB1,dbo,table_na,column__ae_GQ,6,YES,nvarchar,,,255,510,
DB1,dbo,table_na,column_x_uf_KQ,7,YES,nvarchar,,,20,40,
DB1,dbo,table_na,column_es_ui_TF,8,YES,nvarchar,,,255,510,
DB1,dbo,table_na,column_ns_om_OE,9,YES,nvarchar,,,2048,4096,
DB1,dbo,table_na,column_in_oi_VF,10,YES,nvarchar,,,100,200,
DB1,dbo,table_na,column_ru_ok_EX,11,YES,nvarchar,,,100,200,
DB1,dbo,table_na,column_e_fi_JU,12,YES,nvarchar,,,100,200,
DB1,dbo,table_na,column_si_rf_KE,13,YES,nvarchar,,,100,200,
DB1,dbo,table_na,column_eN_aa_OQ,14,YES,nvarchar,,,100,200,
DB1,dbo,table_na,column_tn_si_CD,15,YES,nvarchar,,,100,200,
DB1,dbo,table_na,column_ea_pu_FQ,16,YES,nvarchar,,,50,100,
DB1,dbo,table_na,column_ae_ik_VX,17,YES,nvarchar,,,50,100,
DB1,dbo,table_na,column_dy_it_KB,18,YES,datetime,,,,,3
DB1,dbo,table_na,column_es_ni_FR,19,YES,datetime,,,,,3
DB1,dbo,table_na,column_dr_an_KH,20,YES,nvarchar,,,100,200,
DB1,dbo,table_na,column__iy_RN,21,YES,nvarchar,,,50,100,
DB1,dbo,table_na,column_es_ui_QA,22,YES,nvarchar,,,255,510,
DB1,dbo,table_na,column_r_on_HW,23,YES,nvarchar,,,255,510,
DB1,dbo,table_na,column_l_ot_RK,24,YES,nvarchar,,,20,40,
DB1,dbo,table_na,column_dr_oe_MM,25,YES,nvarchar,,,100,200,
DB1,dbo,table_na,column_iy_oe_LS,26,YES,nvarchar,,,50,100,
DB1,dbo,table_na,column_rv_oe_DG,27,YES,nvarchar,,,255,510,
DB1,dbo,table_na,column_on_oe_GU,28,YES,nvarchar,,,255,510,
DB1,dbo,table_na,column_ot_oe_WE,29,YES,nvarchar,,,20,40,
DB1,dbo,table_na,column_Ad_te_WC,30,YES,nvarchar,,,100,200,
DB1,dbo,table_na,column_Ct_te_OC,31,YES,nvarchar,,,50,100,
DB1,dbo,table_na,column_Po_te_YC,32,YES,nvarchar,,,255,510,
DB1,dbo,table_na,column_Cu_te_VG,33,YES,nvarchar,,,255,510,
DB1,dbo,table_na,column_Ps_te_PX,34,YES,nvarchar,,,20,40,
DB1,dbo,table_na,column_tn_si_SO,35,YES,nvarchar,,,25,50,
DB1,dbo,table_na,column_es_ui_DF,36,YES,nvarchar,,,25,50,
DB1,dbo,table_na,column_es_ui_IE,37,YES,nvarchar,,,25,50,
DB1,dbo,table_na,column_es_ui_FR,38,YES,nvarchar,,,50,100,
DB1,dbo,table_na,column_oe_aP_RX,39,YES,nvarchar,,,25,50,
DB1,dbo,table_na,column_hn_oe_KD,40,YES,nvarchar,,,25,50,
DB1,dbo,table_na,column_hn_oe_WY,41,YES,nvarchar,,,25,50,
DB1,dbo,table_na,column_a_oe_ZM,42,YES,nvarchar,,,50,100,
DB1,dbo,table_na,column_eP_aa_SQ,43,YES,nvarchar,,,25,50,
DB1,dbo,table_na,column_eh_oi_JJ,44,YES,nvarchar,,,25,50,
DB1,dbo,table_na,column_Po_te_EN,45,YES,nvarchar,,,25,50,
DB1,dbo,table_na,column_Fx_te_EJ,46,YES,nvarchar,,,50,100,
DB1,dbo,table_na,column__ae_KY,47,YES,nvarchar,,,50,100,
DB1,dbo,table_na,column_rP_rm_GG,48,YES,nvarchar,,,25,50,
DB1,dbo,table_na,column_Ad_mi_HB,49,YES,varchar,,,100,100,
DB1,dbo,table_na,column_Ad_mi_ZK,50,YES,varchar,,,100,100,
DB1,dbo,table_na,column_Ad_mi_DB,51,YES,varchar,,,100,100,
DB1,dbo,table_na,column_de_eA_FJ,52,YES,varchar,,,100,100,
DB1,dbo,table_na,column_eO_ra_DQ,53,NO,datetime,,,,,3
DB1,dbo,table_na,column_eB_ra_XQ,54,YES,nvarchar,,,200,400,
DB1,dbo,table_na,column_eO_pa_ZH,55,YES,datetime,,,,,3
DB1,dbo,table_na,column_eB_pa_YS,56,YES,nvarchar,,,200,400,
DB1,dbo,table_na,column_e_ee_LS,57,NO,bit,,,,,
DB1,dbo,table_na,column_ee_ae_OJ,58,NO,bit,,,,,
DB1,dbo,table_na,column_dr_an_YE,59,YES,nvarchar,,,100,200,
DB1,dbo,table_na,column_dr_an_SY,60,YES,nvarchar,,,100,200,
DB1,dbo,table_na,column_eB_ra_DV,61,NO,uniqueidentifier,,,,,
DB1,dbo,table_na,column_eB_pa_NC,62,YES,uniqueidentifier,,,,,
DB1,dbo,table_na,column_mr_ut_LL,63,NO,uniqueidentifier,,,,,
DB1,dbo,table_na,column_es_ui_VQ,64,YES,uniqueidentifier,,,,,
DB1,dbo,table_na,column_es_ui_CP,65,NO,uniqueidentifier,,,,,
DB1,dbo,table_na,column_rI_on_TX,66,YES,varchar,,,3,3,
DB1,dbo,table_na,column_rv_oe_AZ,67,NO,uniqueidentifier,,,,,
DB1,dbo,table_na,column_on_oe_KM,68,YES,varchar,,,3,3,
DB1,dbo,table_na,column_Po_te_VR,69,NO,uniqueidentifier,,,,,
DB1,dbo,table_na,column_Cu_te_DR,70,YES,varchar,,,3,3,
DB1,dbo,table_na,column_cI_ot_XP,71,NO,uniqueidentifier,,,,,
DB1,dbo,table_na,column_cC_ot_FU,72,YES,uniqueidentifier,,,,,
DB1,dbo,table_na,column_cC_ot_MV,73,YES,uniqueidentifier,,,,,
DB1,dbo,table_na,column_cC_ot_ES,74,YES,uniqueidentifier,,,,,
DB1,dbo,table_na,column_cC_ot_TG,75,YES,nvarchar,,,255,510,
DB1,dbo,table_na,column_cC_ot_RE,76,YES,nvarchar,,,255,510,
DB1,dbo,table_na,column_cC_ot_EM,77,YES,nvarchar,,,255,510,
DB1,dbo,table_na,column_cT_ot_RE,78,YES,nvarchar,,,100,200,
DB1,dbo,table_na,column_cT_ot_GU,79,YES,nvarchar,,,100,200,
DB1,dbo,table_na,column_cT_ot_PF,80,YES,nvarchar,,,100,200,
DB1,dbo,table_so,column_mr_ut_SL,1,NO,uniqueidentifier,,,,,
DB1,dbo,table_so,column__ae_DN,2,NO,nvarchar,,,200,400,
DB1,dbo,table_so,column_nt_le_HY,3,YES,nvarchar,,,200,400,
DB1,dbo,table_so,column_mr_ut_OC,4,YES,nvarchar,,,2048,4096,
DB1,dbo,table_so,column_nM_co_IT,5,YES,uniqueidentifier,,,,,
DB1,dbo,table_so,column_tu_ae_IW,6,YES,uniqueidentifier,,,,,
DB1,dbo,table_so,column_ak_ee_LO,7,YES,uniqueidentifier,,,,,
DB1,dbo,table_so,column_in_ap_QZ,8,YES,uniqueidentifier,,,,,
DB1,dbo,table_so,column_nT_co_RM,9,YES,nvarchar,,,255,510,
DB1,dbo,table_so,column_nT_co_RG,10,YES,uniqueidentifier,,,,,
DB1,dbo,table_so,column_ta_ae_DH,11,YES,nvarchar,,,200,400,
DB1,dbo,table_so,column_mr_ut_VG,12,YES,nvarchar,,,255,510,
DB1,dbo,table_so,column_mr_ut_FN,13,YES,uniqueidentifier,,,,,
DB1,dbo,table_so,column_Sa_ae_RI,14,YES,nvarchar,,,255,510,
DB1,dbo,table_so,column_Sa_ae_TP,15,YES,varchar,,,3,3,
DB1,dbo,table_so,column_es_ui_XF,16,YES,nvarchar,,,100,200,
DB1,dbo,table_so,column_es_ui_CE,17,YES,nvarchar,,,100,200,
DB1,dbo,table_so,column_es_ui_JI,18,YES,nvarchar,,,100,200,
DB1,dbo,table_so,column_es_ui_XQ,19,YES,nvarchar,,,50,100,
DB1,dbo,table_so,column_ne_rv_VP,20,YES,nvarchar,,,255,510,
DB1,dbo,table_so,column_r1_on_QU,21,YES,nvarchar,,,255,510,
DB1,dbo,table_so,column_es_ui_CA,22,YES,nvarchar,,,20,40,
DB1,dbo,table_so,column_es_ui_QH,23,NO,uniqueidentifier,,,,,
DB1,dbo,table_so,column_es_ui_EK,24,NO,uniqueidentifier,,,,,
DB1,dbo,table_so,column_es_ui_QG,25,YES,nvarchar,,,255,510,
DB1,dbo,table_so,column_es_ui_KR,26,YES,nvarchar,,,255,510,
DB1,dbo,table_so,column_es_ui_TJ,27,YES,nvarchar,,,100,200,
DB1,dbo,table_so,column_es_ui_OW,28,YES,nvarchar,,,100,200,
DB1,dbo,table_so,column_es_ui_EH,29,YES,nvarchar,,,100,200,
DB1,dbo,table_so,column_es_ui_DG,30,YES,nvarchar,,,50,100,
DB1,dbo,table_so,column_ne_rv_AO,31,YES,nvarchar,,,255,510,
DB1,dbo,table_so,column_r2_on_AM,32,YES,nvarchar,,,255,510,
DB1,dbo,table_so,column_es_ui_BY,33,YES,nvarchar,,,20,40,
DB1,dbo,table_so,column_es_ui_HI,34,NO,uniqueidentifier,,,,,
DB1,dbo,table_so,column_es_ui_SK,35,NO,uniqueidentifier,,,,,
DB1,dbo,table_so,column_es_ui_TL,36,YES,nvarchar,,,255,510,
DB1,dbo,table_so,column_es_ui_AR,37,YES,nvarchar,,,255,510,
DB1,dbo,table_so,column_es_ui_ZO,38,YES,nvarchar,,,100,200,
DB1,dbo,table_so,column_es_ui_DC,39,YES,nvarchar,,,100,200,
DB1,dbo,table_so,column_es_ui_MJ,40,YES,nvarchar,,,100,200,
DB1,dbo,table_so,column_es_ui_IV,41,YES,nvarchar,,,50,100,
DB1,dbo,table_so,column_ne_rv_FM,42,YES,nvarchar,,,255,510,
DB1,dbo,table_so,column_r3_on_OE,43,YES,nvarchar,,,255,510,
DB1,dbo,table_so,column_es_ui_IW,44,YES,nvarchar,,,20,40,
DB1,dbo,table_so,column_es_ui_NM,45,NO,uniqueidentifier,,,,,
DB1,dbo,table_so,column_es_ui_KL,46,NO,uniqueidentifier,,,,,
DB1,dbo,table_so,column_es_ui_OM,47,YES,nvarchar,,,255,510,
DB1,dbo,table_so,column_es_ui_LJ,48,YES,nvarchar,,,255,510,
DB1,dbo,table_so,column_mr_ut_IQ,49,YES,nvarchar,,,25,50,
DB1,dbo,table_so,column_tv_xc_YR,50,YES,nvarchar,,,25,50,
DB1,dbo,table_so,column_oe_aP_UO,51,YES,nvarchar,,,25,50,
DB1,dbo,table_so,column_n_Rh_EH,52,YES,nvarchar,,,25,50,
DB1,dbo,table_so,column_hn_an_DH,53,YES,nvarchar,,,25,50,
DB1,dbo,table_so,column_tn_ak_QS,54,YES,nvarchar,,,25,50,
DB1,dbo,table_so,column_Po_te_IC,55,YES,nvarchar,,,25,50,
DB1,dbo,table_so,column_iy_eu_OE,56,YES,nvarchar,,,25,50,
DB1,dbo,table_so,column_ia_eh_IC,57,YES,nvarchar,,,25,50,
DB1,dbo,table_so,column_re_ol_IT,58,YES,nvarchar,,,25,50,
DB1,dbo,table_so,column_t_eS_BB,59,YES,nvarchar,,,255,510,
DB1,dbo,table_so,column_ty_nu_HJ,60,YES,nvarchar,,,255,510,
DB1,dbo,table_so,column_nM_co_FA,61,YES,nvarchar,,,200,400,
DB1,dbo,table_so,column_ak_ee_YP,62,YES,nvarchar,,,200,400,
DB1,dbo,table_so,column_rp_ae_DK,63,YES,nvarchar,,,200,400,
DB1,dbo,table_so,column_Rg_ae_CW,64,YES,nvarchar,,,255,510,
DB1,dbo,table_so,column_ec_ee_TS,65,NO,bit,,,,,
DB1,dbo,table_so,column_Eg_lo_KX,66,NO,bit,,,,,
DB1,dbo,table_so,column_ig_tf_SO,67,NO,bit,,,,,
DB1,dbo,table_so,column_ei_sr_SV,68,YES,nvarchar,,,255,510,
DB1,dbo,table_so,column_ep_aE_SK,69,NO,bit,,,,,
DB1,dbo,table_so,column_ep_aE_WI,70,YES,nvarchar,,,255,510,
DB1,dbo,table_so,column_in_ap_ZE,71,YES,nvarchar,,,255,510,
DB1,dbo,table_so,column_eO_ra_KG,72,NO,datetime,,,,,3
DB1,dbo,table_so,column_eB_ra_SH,73,YES,nvarchar,,,200,400,
DB1,dbo,table_so,column_eO_pa_WO,74,YES,datetime,,,,,3
DB1,dbo,table_so,column_eB_pa_EM,75,YES,nvarchar,,,200,400,
DB1,dbo,table_so,column_e_ee_NW,76,NO,bit,,,,,
DB1,dbo,table_so,column_eB_ra_OA,77,NO,uniqueidentifier,,,,,
DB1,dbo,table_so,column_eB_pa_LG,78,YES,uniqueidentifier,,,,,
DB1,dbo,table_so,column_Rp_ae_OP,79,YES,uniqueidentifier,,,,,
DB1,dbo,table_so,column_ye_ml_SK,80,YES,nvarchar,,,255,510,
DB1,dbo,table_so,column_ye_ml_JS,81,YES,uniqueidentifier,,,,,
DB1,dbo,table_so,column_le_nu_WU,82,YES,nvarchar,,,255,510,
DB1,dbo,table_so,column_le_nu_FX,83,YES,uniqueidentifier,,,,,
DB1,dbo,table_so,column_ty_nu_UV,84,YES,uniqueidentifier,,,,,
DB1,dbo,table_so,column_Rg_ae_ZE,85,YES,uniqueidentifier,,,,,
DB1,dbo,table_so,column_re_AS_VK,86,NO,bit,,,,,
DB1,dbo,table_so,column_Rp_lo_OG,87,NO,bit,,,,,
DB1,dbo,table_so,column_r1_on_UC,88,YES,varchar,,,3,3,
DB1,dbo,table_so,column_r2_on_GV,89,YES,varchar,,,3,3,
DB1,dbo,table_so,column_r3_on_CK,90,YES,varchar,,,3,3,
DB1,dbo,table_so,column_nO_il_QK,91,YES,nvarchar,,,4000,8000,
DB1,dbo,table_tD,column_y_ni_CC,1,NO,varchar,,,30,30,
DB1,dbo,table_tD,column__il_AV,2,NO,varchar,,,30,30,
DB1,dbo,table_tD,column_Cm_il_WU,3,NO,varchar,,,1,1,
DB1,dbo,table_tD,column_Nm_al_BM,4,YES,varchar,,,100,100,
DB1,dbo,table_tD,column_Cm_al_WV,5,NO,varchar,,,1024,1024,
DB1,dbo,table_tD,column_na_ou_JA,6,NO,varchar,,,100,100,
DB1,dbo,table_tD,column_no_ou_NN,7,NO,varchar,,,1024,1024,
DB1,dbo,table_tD,column_in_uc_ED,8,YES,varchar,,,100,100,
DB1,dbo,table_tD,column_ye_aa_RM,9,NO,varchar,,,50,50,
DB1,dbo,table_tD,column_bl_ul_OT,10,NO,bit,,,,,
DB1,dbo,table_tD,column_ne_ou_VG,11,NO,varchar,,,50,50,
DB1,dbo,table_tD,column_dn_se_DV,12,NO,bit,,,,,
DB1,dbo,table_tD,column_nC_ou_KM,13,NO,smallint,5,0,,,
DB1,dbo,table_tD,column_PI_al_AX,14,NO,smallint,5,0,,,
DB1,dbo,table_tD,column_in_uc_TB,15,NO,smallint,5,0,,,
DB1,dbo,table_tD,column_ma_yt_WT,16,NO,char,,,1,1,
DB1,dbo,table_tD,column_tr_ad_OA,17,NO,char,,,1,1,
DB1,dbo,table_tD,column_ia_oE_LN,18,NO,char,,,1,1,
DB1,dbo,table_tD,column_df_ok_KC,19,NO,char,,,1,1,
DB1,dbo,table_tD,column_u_ii_MX,20,NO,numeric,28,4,,,
DB1,dbo,table_tD,column_u_ai_XT,21,NO,numeric,28,4,,,
DB1,dbo,table_tD,column_ct_ul_CB,22,NO,char,,,1,1,
DB1,dbo,table_tD,column_ma_yt_CV,23,NO,int,10,0,,,
DB1,dbo,table_tD,column_Fr_il_MR,24,NO,tinyint,3,0,,,
DB1,dbo,table_tD,column_n_id_VJ,25,NO,char,,,1,1,
DB1,dbo,table_tD,column_Sl_ut_KL,26,YES,bit,,,,,
DB1,dbo,table_tD,column_W_lo_PI,27,YES,bit,,,,,
DB1,dbo,table_tD,column_W_ee_NC,28,YES,bit,,,,,
DB1,dbo,table_tD,column_rd_it_TM,29,YES,bit,,,,,
DB1,dbo,table_oe,column_cI_rj_YX,1,NO,uniqueidentifier,,,,,
DB1,dbo,table_oe,column_cM_rj_HP,2,YES,uniqueidentifier,,,,,
DB1,dbo,table_oe,column_de_eo_DX,3,YES,uniqueidentifier,,,,,
DB1,dbo,table_oe,column_cn_lS_XL,4,YES,uniqueidentifier,,,,,
DB1,dbo,table_oe,column_eB_ra_RD,5,NO,uniqueidentifier,,,,,
DB1,dbo,table_oe,column_eB_pa_IS,6,YES,uniqueidentifier,,,,,
DB1,dbo,table_oe,column_cC_rj_XX,7,YES,uniqueidentifier,,,,,
DB1,dbo,table_oe,column_ae_ee_JQ,8,YES,uniqueidentifier,,,,,
DB1,dbo,table_oe,column_nC_il_NV,9,YES,uniqueidentifier,,,,,
DB1,dbo,table_oe,column_ae_ee_LW,10,YES,uniqueidentifier,,,,,
DB1,dbo,table_oe,column_tn_po_PG,11,YES,uniqueidentifier,,,,,
DB1,dbo,table_oe,column_mr_ut_OM,12,NO,uniqueidentifier,,,,,
DB1,dbo,table_oe,column_ee_na_EN,13,NO,uniqueidentifier,,,,,
DB1,dbo,table_oe,column_ef_ok_KO,14,NO,uniqueidentifier,,,,,
DB1,dbo,table_oe,column_de_eo_XR,15,NO,bit,,,,,
DB1,dbo,table_oe,column_ny_ur_DJ,16,YES,varchar,,,3,3,
DB1,dbo,table_oe,column_po_ol_CR,17,YES,datetime,,,,,3
DB1,dbo,table_oe,column_po_ol_RX,18,YES,datetime,,,,,3
DB1,dbo,table_oe,column_pe_ol_QF,19,YES,numeric,12,5,,,
DB1,dbo,table_oe,column_ie_ae_RE,20,YES,datetime,,,,,3
DB1,dbo,table_oe,column_ie_ae_JL,21,YES,datetime,,,,,3
DB1,dbo,table_oe,column_ie_ae_PE,22,YES,numeric,12,5,,,
DB1,dbo,table_oe,column_eS_ln_MW,23,NO,datetime,,,,,3
DB1,dbo,table_oe,column_eF_ln_GV,24,NO,datetime,,,,,3
DB1,dbo,table_oe,column_eH_ln_FE,25,NO,numeric,12,5,,,
DB1,dbo,table_oe,column_lt_cu_IB,26,YES,datetime,,,,,3
DB1,dbo,table_oe,column_li_cu_ZS,27,YES,datetime,,,,,3
DB1,dbo,table_oe,column_lo_cu_UA,28,YES,numeric,12,5,,,
DB1,dbo,table_oe,column_ri_ov_PK,29,NO,numeric,5,3,,,
DB1,dbo,table_oe,column_nD_ok_VC,30,NO,int,10,0,,,
DB1,dbo,table_oe,column_eD_ln_GT,31,NO,numeric,12,5,,,
DB1,dbo,table_oe,column_eF_ln_AP,32,NO,numeric,12,5,,,
DB1,dbo,table_oe,column_ie_ae_WO,33,YES,numeric,12,5,,,
DB1,dbo,table_oe,column_ie_ae_JV,34,YES,numeric,12,5,,,
DB1,dbo,table_oe,column_la_cu_KO,35,NO,numeric,12,5,,,
DB1,dbo,table_oe,column_lT_cu_LP,36,NO,numeric,12,5,,,
DB1,dbo,table_oe,column_pe_ol_KH,37,NO,numeric,12,5,,,
DB1,dbo,table_oe,column_pe_ol_IN,38,NO,numeric,12,5,,,
DB1,dbo,table_oe,column_eR_ln_WR,39,NO,numeric,12,5,,,
DB1,dbo,table_oe,column_eR_ln_HR,40,NO,numeric,12,5,,,
DB1,dbo,table_oe,column_eR_ln_DB,41,NO,numeric,12,5,,,
DB1,dbo,table_oe,column_ru_ao_UA,42,YES,numeric,16,2,,,
DB1,dbo,table_oe,column_sB_xe_EE,43,YES,numeric,16,2,,,
DB1,dbo,table_oe,column_Bd_te_NX,44,YES,numeric,16,2,,,
DB1,dbo,table_oe,column_Sa_is_QT,45,NO,datetime,,,,,3
DB1,dbo,table_oe,column_sr_tt_YJ,46,NO,smallint,5,0,,,
DB1,dbo,table_oe,column_eo_ra_CJ,47,NO,datetime,,,,,3
DB1,dbo,table_oe,column_eO_pa_AW,48,YES,datetime,,,,,3
DB1,dbo,table_oe,column_e_ee_GS,49,NO,bit,,,,,
DB1,dbo,table_oe,column_Ta_lo_GO,50,NO,bit,,,,,
DB1,dbo,table_oe,column_cm_eR_EI,51,YES,numeric,24,2,,,
DB1,dbo,table_oe,column_j_ea_DM,52,YES,numeric,23,2,,,
DB1,dbo,table_oe,column_n_et_FA,53,YES,numeric,23,2,,,
DB1,dbo,table_oe,column_eP_sr_SR,54,YES,nvarchar,,,255,510,
DB1,dbo,table_oe,column_be_il_PT,55,NO,bit,,,,,
DB1,dbo,table_oe,column_Ep_lo_EY,56,NO,bit,,,,,
DB1,dbo,table_oe,column_cN_rj_XF,57,NO,nvarchar,,,200,400,
DB1,dbo,table_oe,column_ct_rj_FC,58,YES,nvarchar,,,200,400,
DB1,dbo,table_oe,column_ca_rj_JN,59,YES,nvarchar,,,200,400,
DB1,dbo,table_oe,column_cC_rj_HS,60,YES,nvarchar,,,255,510,
DB1,dbo,table_oe,column_nC_il_LI,61,YES,nvarchar,,,255,510,
DB1,dbo,table_oe,column_ae_ee_VN,62,YES,nvarchar,,,200,400,
DB1,dbo,table_oe,column_lg_lD_NL,63,YES,nvarchar,,,200,400,
DB1,dbo,table_oe,column_cT_rj_IP,64,YES,nvarchar,,,255,510,
DB1,dbo,table_oe,column_cV_rj_QL,65,NO,numeric,16,2,,,
DB1,dbo,table_oe,column_ef_ok_GZ,66,YES,nvarchar,,,200,400,
DB1,dbo,table_oe,column_tn_po_ZX,67,YES,nvarchar,,,200,400,
DB1,dbo,table_oe,column_nP_ur_QX,68,YES,nvarchar,,,255,510,
DB1,dbo,table_oe,column_rO_rm_AP,69,YES,nvarchar,,,255,510,
DB1,dbo,table_oe,column_sI_eu_DW,70,YES,uniqueidentifier,,,,,
DB1,dbo,table_oe,column_sn_eu_OU,71,YES,nvarchar,,,255,510,
DB1,dbo,table_oe,column_eb_ra_BC,72,YES,nvarchar,,,200,400,
DB1,dbo,table_oe,column_eb_pa_HO,73,YES,nvarchar,,,200,400,
DB1,dbo,table_oe,column_Po_su_TI,74,NO,int,10,0,,,
DB1,dbo,table_oe,column_se_tt_NI,75,NO,int,10,0,,,
DB1,dbo,table_oe,column_cS_rj_II,76,YES,nvarchar,,,255,510,
DB1,dbo,table_oe,column_nO_il_LM,77,NO,nvarchar,,,255,510,
DB1,dbo,table_oe,column_mr_ut_OJ,78,NO,nvarchar,,,200,400,
DB1,dbo,table_oe,column_ee_na_MI,79,NO,nvarchar,,,200,400,
DB1,dbo,table_oe,column_cM_rj_EG,80,YES,nvarchar,,,200,400,
DB1,dbo,table_oe,column_cD_rj_DN,81,YES,nvarchar,,,2048,4096,
DB1,dbo,table_oe,column_nO_il_KP,82,YES,uniqueidentifier,,,,,
DB1,dbo,table_oe,column_jc_Pr_HT,83,YES,uniqueidentifier,,,,,
DB1,dbo,table_oe,column_cP_rj_VD,84,YES,uniqueidentifier,,,,,
DB1,dbo,table_oe,column_cS_rj_KW,85,YES,varchar,,,3,3,
DB1,dbo,table_oe,column_ny_ur_XX,86,YES,nvarchar,,,50,100,
DB1,dbo,table_oe,column_ru_ok_SA,87,YES,uniqueidentifier,,,,,
DB1,dbo,table_oe,column_re_nC_RA,88,YES,varchar,,,3,3,
DB1,dbo,table_oe,column_ee_na_FE,89,NO,nvarchar,,,50,100,
DB1,dbo,table_oe,column_tv_be_DU,90,YES,uniqueidentifier,,,,,
DB1,dbo,table_oe,column_ln_Pi_VJ,91,YES,uniqueidentifier,,,,,
DB1,dbo,table_oe,column_ln_Pi_XR,92,YES,nvarchar,,,255,510,
DB1,dbo,table_oe,column_ct_pl_RH,93,YES,uniqueidentifier,,,,,
DB1,dbo,table_oe,column_cA_rj_WW,94,NO,bit,,,,,
DB1,dbo,table_oe,column_rA_rm_QG,95,YES,nvarchar,,,255,510,
DB1,dbo,table_oe,column_Ts_lo_MD,96,NO,bit,,,,,
DB1,dbo,table_oe,column_As_og_DT,97,NO,bit,,,,,
DB1,dbo,table_oe,column_Ad_og_WK,98,NO,bit,,,,,
DB1,dbo,table_oe,column_Dl_og_UN,99,NO,bit,,,,,
DB1,dbo,table_oe,column_rd_uM_PP,100,NO,bit,,,,,
DB1,dbo,table_oe,column_rd_uM_DM,101,NO,bit,,,,,
DB1,dbo,table_oe,column_re_uM_WH,102,NO,bit,,,,,
DB1,dbo,table_oe,column_sd_rp_WK,103,YES,uniqueidentifier,,,,,
DB1,dbo,table_oe,column_sd_rp_UY,104,YES,nvarchar,,,255,510,
DB1,dbo,table_oe,column_nt_le_VK,105,YES,nvarchar,,,200,400,
DB1,dbo,table_oe,column_nW_ur_KS,106,YES,uniqueidentifier,,,,,
DB1,dbo,table_oe,column_nW_ur_XV,107,YES,nvarchar,,,50,100,
DB1,dbo,table_oe,column_nW_ur_HT,108,YES,uniqueidentifier,,,,,
DB1,dbo,table_oe,column_nW_ur_MX,109,YES,nvarchar,,,50,100,
DB1,dbo,table_oe,column_Ce_lo_NH,110,NO,bit,,,,,
DB1,dbo,table_oe,column_aS_ip_GF,111,NO,bit,,,,,
DB1,dbo,table_oe,column_dP_nl_GR,112,NO,bit,,,,,
DB1,dbo,table_oe,column_iP_ne_UG,113,NO,bit,,,,,
DB1,dbo,table_oe,column_cl_rt_QR,114,NO,bit,,,,,
DB1,dbo,table_oe,column_cI_rj_DI,1,NO,uniqueidentifier,,,,,
DB1,dbo,table_oe,column__ae_LO,2,NO,nvarchar,,,200,400,
DB1,dbo,table_qe,column_mr_ut_IE,1,NO,nvarchar,,,200,400,
DB1,dbo,table_qe,column_ee_na_LS,2,NO,nvarchar,,,200,400,
DB1,dbo,table_qe,column_cI_rj_EJ,3,YES,uniqueidentifier,,,,,
DB1,dbo,table_qe,column_cN_rj_FP,4,YES,nvarchar,,,200,400,
DB1,dbo,table_qe,column_d_ak_JI,5,YES,uniqueidentifier,,,,,
DB1,dbo,table_qe,column_ao_nt_NK,6,YES,nvarchar,,,255,510,
DB1,dbo,table_qe,column_ek_ep_WE,7,YES,uniqueidentifier,,,,,
DB1,dbo,table_qe,column_n_up_FB,8,YES,tinyint,3,0,,,
DB1,dbo,table_qe,column_ek_ep_ON,9,YES,nvarchar,,,255,510,
DB1,dbo,table_qe,column_sN_eu_SB,10,YES,nvarchar,,,255,510,
DB1,dbo,table_qe,column_sT_eu_XP,11,YES,nvarchar,,,255,510,
DB1,dbo,table_qe,column_sP_eu_UT,12,YES,uniqueidentifier,,,,,
DB1,dbo,table_qe,column_sP_eu_LQ,13,YES,nvarchar,,,50,100,
DB1,dbo,table_qe,column_sS_eu_CT,14,YES,nvarchar,,,255,510,
DB1,dbo,table_qe,column_cN_rd_BV,15,YES,nvarchar,,,255,510,
DB1,dbo,table_qe,column_iy_un_XU,16,NO,smallint,5,0,,,
DB1,dbo,table_qe,column_sC_eu_YE,17,YES,nvarchar,,,255,510,
DB1,dbo,table_qe,column_sS_eu_PO,18,YES,nvarchar,,,255,510,
DB1,dbo,table_qe,column_Nm_se_TO,19,NO,nvarchar,,,100,200,
DB1,dbo,table_qe,column_ne_si_AI,20,YES,nvarchar,,,255,510,
DB1,dbo,table_qe,column_sI_eu_WW,21,NO,uniqueidentifier,,,,,
DB1,dbo,table_qe,column_sT_eu_HX,22,YES,varchar,,,3,3,
DB1,dbo,table_qe,column_sC_eu_SL,23,YES,uniqueidentifier,,,,,
DB1,dbo,table_qe,column_sS_eu_HP,24,YES,varchar,,,3,3,
DB1,dbo,table_qe,column_sS_eu_EM,25,YES,uniqueidentifier,,,,,
DB1,dbo,table_qe,column_IT_EC_GT,26,NO,nvarchar,,,255,510,
DB1,dbo,table_qe,column_l_ea_HE,27,YES,nvarchar,,,4000,8000,
DB1,dbo,table_qe,column__as_UD,28,YES,nvarchar,,,2048,4096,
DB1,dbo,table_qe,column_in_ou_ME,29,YES,nvarchar,,,4000,8000,
DB1,dbo,table_qe,column_ni_ep_MW,30,YES,nvarchar,,,200,400,
DB1,dbo,table_qe,column_ec_ee_NM,31,NO,nvarchar,,,100,200,
DB1,dbo,table_qe,column_te_ae_MZ,32,YES,uniqueidentifier,,,,,
DB1,dbo,table_qe,column_te_ae_QL,33,YES,nvarchar,,,255,510,
DB1,dbo,table_qe,column_eu_ae_HS,34,YES,datetime,,,,,3
DB1,dbo,table_qe,column_eO_ra_PR,35,YES,datetime,,,,,3
DB1,dbo,table_qe,column_eB_ra_RW,36,YES,nvarchar,,,255,510,
DB1,dbo,table_qe,column_eO_pa_MJ,37,YES,datetime,,,,,3
DB1,dbo,table_qe,column_eB_pa_TA,38,YES,nvarchar,,,255,510,
DB1,dbo,table_qe,column_oe_ie_KU,39,YES,nvarchar,,,100,200,
DB1,dbo,table_qe,column_ne_ep_WC,40,YES,decimal,9,2,,,
DB1,dbo,table_qe,column_ui_eo_KA,41,YES,decimal,9,2,,,
DB1,dbo,table_qe,column_ae_si_IU,42,YES,numeric,16,2,,,
DB1,dbo,table_qe,column_cs_ev_MP,43,YES,numeric,16,4,,,
DB1,dbo,table_qe,column_sC_xe_QN,44,YES,numeric,16,4,,,
DB1,dbo,table_qe,column_cC_rd_UL,45,YES,numeric,16,4,,,
DB1,dbo,table_qe,column_mr_ut_GM,46,NO,uniqueidentifier,,,,,
DB1,dbo,table_qe,column_ee_na_IP,47,NO,uniqueidentifier,,,,,
DB1,dbo,table_qe,column_ao_nt_CF,48,YES,uniqueidentifier,,,,,
DB1,dbo,table_qe,column_cI_rd_DP,49,YES,uniqueidentifier,,,,,
DB1,dbo,table_qe,column_ni_ep_HB,50,YES,uniqueidentifier,,,,,
DB1,dbo,table_qe,column_I_se_ZG,51,YES,uniqueidentifier,,,,,
DB1,dbo,table_qe,column_ne_si_AT,52,YES,uniqueidentifier,,,,,
DB1,dbo,table_qe,column_eB_ra_PC,53,YES,uniqueidentifier,,,,,
DB1,dbo,table_qe,column_eB_pa_QK,54,YES,uniqueidentifier,,,,,
DB1,dbo,table_qe,column_dn_ls_JY,55,YES,datetime,,,,,3
DB1,dbo,table_qe,column_dy_ls_QM,56,YES,nvarchar,,,255,510,
DB1,dbo,table_qe,column_dy_ls_CQ,57,YES,uniqueidentifier,,,,,
DB1,dbo,table_qe,column_sA_eu_II,58,YES,int,10,0,,,
DB1,dbo,table_qe,column_so_LR_RV,59,NO,int,10,0,,,
DB1,dbo,table_qe,column_so_LR_UM,60,YES,decimal,9,2,,,
DB1,dbo,table_qe,column_sl_LR_UX,61,NO,int,10,0,,,
DB1,dbo,table_qe,column_sl_LR_EF,62,YES,decimal,9,2,,,
DB1,dbo,table_qe,column_SA_ai_ED,63,YES,bit,,,,,
DB1,dbo,table_qe,column__L_II,64,YES,nvarchar,,,55,110,
DB1,dbo,table_qe,column_so_LR_QG,65,YES,numeric,7,2,,,
DB1,dbo,table_qe,column_sl_LR_RL,66,YES,numeric,7,2,,,
DB1,dbo,table_qe,column_cl_LE_EV,67,YES,numeric,7,2,,,
DB1,dbo,table_qe,column_st_LO_CO,68,YES,int,10,0,,,
DB1,dbo,table_qe,column_2x_LB_MK,69,YES,int,10,0,,,
DB1,dbo,table_qe,column_at_LS_WY,70,YES,nvarchar,,,30,60,
DB1,dbo,table_qe,column_da_LE_KZ,71,YES,nvarchar,,,30,60,
DB1,dbo,table_qe,column_at_LS_AX,72,YES,nvarchar,,,20,40,
DB1,dbo,table_qe,column_di_LE_JY,73,YES,nvarchar,,,20,40,
DB1,dbo,table_qe,column_mZ_LT_DG,74,YES,varchar,,,4,4,
DB1,dbo,table_qe,column_re_nC_EC,75,YES,varchar,,,3,3,
DB1,dbo,table_qe,column_ee_na_VU,76,YES,nvarchar,,,50,100,
DB1,dbo,table_qe,column_qe_LR_AF,77,NO,varchar,,,3,3,
DB1,dbo,table_qe,column_qe_LR_KL,78,NO,nvarchar,,,255,510,
DB1,dbo,table_qe,column_nW_ur_GW,79,YES,uniqueidentifier,,,,,
DB1,dbo,table_qe,column_nW_ur_DJ,80,YES,nvarchar,,,50,100,
DB1,dbo,table_qe,column_nW_ur_SF,81,YES,nvarchar,,,50,100,
DB1,dbo,table_s,column_eB_ra_UL,1,NO,uniqueidentifier,,,,,
DB1,dbo,table_s,column_eB_pa_MA,2,YES,uniqueidentifier,,,,,
DB1,dbo,table_s,column_cN_rj_EN,3,NO,nvarchar,,,200,400,
DB1,dbo,table_s,column_mr_ut_KQ,4,NO,nvarchar,,,200,400,
DB1,dbo,table_s,column_ee_na_NO,5,NO,nvarchar,,,200,400,
DB1,dbo,table_s,column_nO_il_KZ,6,NO,nvarchar,,,255,510,
DB1,dbo,table_s,column_nO_il_OY,7,NO,uniqueidentifier,,,,,
DB1,dbo,table_s,column_sI_eu_HT,8,YES,uniqueidentifier,,,,,
DB1,dbo,table_s,column_ef_ok_OE,9,YES,uniqueidentifier,,,,,
DB1,dbo,table_s,column_pe_ol_FV,10,YES,numeric,12,5,,,
DB1,dbo,table_s,column_c_eR_RE,11,YES,numeric,23,2,,,
DB1,dbo,table_s,column_j_eA_KR,12,YES,numeric,22,2,,,
DB1,dbo,table_s,column_n_eT_VL,13,YES,numeric,22,2,,,
DB1,dbo,table_s,column_pc_ol_GC,14,YES,numeric,12,5,,,
DB1,dbo,table_s,column__hs_TZ,15,YES,nvarchar,,,255,510,
DB1,dbo,table_s,column_po_ol_MH,16,YES,datetime,,,,,3
DB1,dbo,table_s,column_po_ol_NP,17,YES,datetime,,,,,3
DB1,dbo,table_s,column_pc_ol_BW,18,YES,datetime,,,,,3
DB1,dbo,table_s,column_pc_ol_EI,19,YES,datetime,,,,,3
DB1,dbo,table_s,column_ef_ok_QB,20,YES,nvarchar,,,200,400,
DB1,dbo,table_s,column_mr_ut_CL,21,NO,uniqueidentifier,,,,,
DB1,dbo,table_s,column_ee_na_AU,22,NO,uniqueidentifier,,,,,
DB1,dbo,table_s,column_cI_rj_IN,23,NO,uniqueidentifier,,,,,
DB1,dbo,table_s,column__ae_TC,24,NO,nvarchar,,,255,510,
DB1,dbo,table_s,column_B_S__SM,25,YES,nvarchar,,,2048,4096,
DB1,dbo,table_s,column__B_UC,26,YES,nvarchar,,,255,510,
DB1,dbo,table_s,column_dr_BO_HC,27,YES,int,10,0,,,
DB1,dbo,table_s,column_be_il_VL,28,NO,bit,,,,,
DB1,dbo,table_s,column_Fe_ie_XL,29,NO,bit,,,,,
DB1,dbo,table_s,column_Fe_ie_KB,30,YES,uniqueidentifier,,,,,
DB1,dbo,table_s,column_ea_ei_PF,31,YES,nvarchar,,,255,510,
DB1,dbo,table_s,column_ak_pn_OK,32,NO,bit,,,,,
DB1,dbo,table_s,column_ec_ak_OH,33,YES,nvarchar,,,2048,4096,
DB1,dbo,table_s,column_tt_fe_MQ,34,NO,bit,,,,,
DB1,dbo,table_s,column_sN_eu_YX,35,YES,nvarchar,,,255,510,
DB1,dbo,table_s,column_eS_ln_UW,36,NO,datetime,,,,,3
DB1,dbo,table_s,column_eF_ln_EG,37,NO,datetime,,,,,3
DB1,dbo,table_s,column_eH_ln_KP,38,NO,numeric,12,5,,,
DB1,dbo,table_s,column_ie_ae_CW,39,YES,datetime,,,,,3
DB1,dbo,table_s,column_ie_ae_JK,40,YES,datetime,,,,,3
DB1,dbo,table_s,column_ie_ae_NK,41,YES,numeric,12,5,,,
DB1,dbo,table_s,column_eO_ra_HM,42,NO,datetime,,,,,3
DB1,dbo,table_s,column_eB_ra_YS,43,NO,nvarchar,,,200,400,
DB1,dbo,table_s,column_eO_pa_OY,44,YES,datetime,,,,,3
DB1,dbo,table_s,column_eB_pa_BK,45,YES,nvarchar,,,200,400,
DB1,dbo,table_s,column_e_ee_AS,46,NO,bit,,,,,
DB1,dbo,table_s,column_d_ok_WR,47,NO,bit,,,,,
DB1,dbo,table_s,column_ne_si_UL,48,NO,numeric,12,5,,,
DB1,dbo,table_s,column_e_tf_NX,49,NO,int,10,0,,,
DB1,dbo,table_s,column_I_hs_SR,50,YES,uniqueidentifier,,,,,
DB1,dbo,table_s,column_d_ak_RO,51,NO,uniqueidentifier,,,,,
DB1,dbo,table_s,column_a_ai_LD,52,NO,bit,,,,,
DB1,dbo,table_s,column_re_nC_FV,53,YES,varchar,,,3,3,
DB1,dbo,table_s,column_ee_na_HZ,54,NO,nvarchar,,,50,100,
DB1,dbo,table_s,column_ct_pl_HT,55,YES,uniqueidentifier,,,,,
DB1,dbo,table_s,column_rA_rm_RJ,56,YES,nvarchar,,,255,510,
DB1,dbo,table_s,column_cs_rd_LY,57,NO,varchar,,,36,36,
DB1,dbo,table_s,column_cs_rd_JW,58,NO,varchar,,,3,3,
DB1,dbo,table_s,column_y_aD_AB,59,NO,int,10,0,,,
DB1,dbo,table_s,column_tn_ie_RD,60,NO,bit,,,,,
DB1,dbo,table_s,column_ee_op_XG,61,NO,bit,,,,,
DB1,dbo,table_s,column_nR_il_OY,62,YES,uniqueidentifier,,,,,
DB1,dbo,table_s,column_nR_il_BK,63,YES,nvarchar,,,255,510,
DB1,dbo,table_s,column_in_uc_LN,64,YES,uniqueidentifier,,,,,
DB1,dbo,table_s,column_in_uc_AU,65,YES,nvarchar,,,255,510,
DB1,dbo,table_s,column_Wr_lo_CC,66,NO,bit,,,,,
DB1,dbo,table_s,column_Wr_lo_DF,67,NO,bit,,,,,
DB1,dbo,table_s,column_rT_um_CD,68,NO,int,10,0,,,
DB1,dbo,table_s,column_dI_nl_ZI,69,NO,bit,,,,,
DB1,dbo,table_s,column_so_tt_NC,70,NO,bit,,,,,
DB1,dbo,table_s,column_ri_ov_TI,71,NO,numeric,5,3,,,
DB1,dbo,table_s,column_nD_ok_AQ,72,NO,int,10,0,,,
DB1,dbo,table_s,column_eD_ln_DR,73,NO,numeric,12,5,,,
DB1,dbo,table_s,column_eF_ln_PM,74,NO,numeric,12,5,,,
DB1,dbo,table_s,column_ie_ae_GI,75,YES,numeric,12,5,,,
DB1,dbo,table_s,column_ie_ae_DQ,76,YES,numeric,12,5,,,
DB1,dbo,table_s,column_pc_ol_ZV,77,NO,numeric,12,5,,,
DB1,dbo,table_s,column_pc_ol_ID,78,NO,numeric,12,5,,,
DB1,dbo,table_s,column_pe_ol_QH,79,NO,numeric,12,5,,,
DB1,dbo,table_s,column_pe_ol_EU,80,NO,numeric,12,5,,,
DB1,dbo,table_s,column_eR_ln_UL,81,NO,numeric,12,5,,,
DB1,dbo,table_s,column_eR_ln_GH,82,NO,numeric,12,5,,,
DB1,dbo,table_s,column_eR_ln_FM,83,NO,numeric,12,5,,,
DB1,dbo,table_s,column_ne_si_KH,84,YES,numeric,12,5,,,
DB1,dbo,table_s,column_ne_si_HR,85,YES,numeric,12,5,,,
DB1,dbo,table_s,column_cl_rt_LL,86,YES,bit,,,,,
DB1,dbo,table_s,column__lc_GX,87,YES,int,10,0,,,
DB1,dbo,table_s,column_cR_rd_VO,88,NO,bit,,,,,
DB1,dbo,table_d,column_yd_ni_LS,1,NO,uniqueidentifier,,,,,
DB1,dbo,table_d,column_ae_tm_UU,2,NO,varchar,,,30,30,
DB1,dbo,table_d,column_y_ni_FF,3,NO,varchar,,,3,3,
DB1,dbo,table_d,column_d_DC_TJ,4,NO,uniqueidentifier,,,,,
DB1,dbo,table_d,column_eO_pa_IA,5,NO,datetime,,,,,3
DB1,dbo,table_d,column_eB_pa_XE,6,NO,uniqueidentifier,,,,,
DB1,dbo,table_d,column_I_Po_SP,7,NO,bigint,19,0,,,
DB1,dbo,table_x,column_yd_ni_HJ,1,NO,uniqueidentifier,,,,,
DB1,dbo,table_x,column_ae_tm_DR,2,NO,varchar,,,30,30,
DB1,dbo,table_x,column_y_ni_UG,3,NO,varchar,,,3,3,
DB1,dbo,table_x,column_x_DT_BO,4,NO,nvarchar,,,-1,-1,
DB1,dbo,table_x,column_eO_pa_SJ,5,NO,datetime,,,,,3
DB1,dbo,table_x,column_eB_pa_LX,6,NO,uniqueidentifier,,,,,
DB1,dbo,table_x,column_I_Po_IZ,7,NO,bigint,19,0,,,
DB1,dbo,table_x,column_in_di_JU,8,YES,uniqueidentifier,,,,,
DB1,dbo,table_ou,column_cN_rd_RO,1,NO,nvarchar,,,255,510,
DB1,dbo,table_ou,column_cI_rd_QH,2,NO,uniqueidentifier,,,,,
DB1,dbo,table_ou,column_cC_rd_BR,3,YES,nvarchar,,,255,510,
DB1,dbo,table_ou,column_cC_rd_WI,4,NO,uniqueidentifier,,,,,
DB1,dbo,table_ou,column_es_ui_TD,5,YES,nvarchar,,,200,400,
DB1,dbo,table_ou,column_cM_rd_QN,6,YES,uniqueidentifier,,,,,
DB1,dbo,table_ou,column_ia_eh_ZY,7,YES,nvarchar,,,200,400,
DB1,dbo,table_ou,column_cD_rd_HD,8,YES,uniqueidentifier,,,,,
DB1,dbo,table_ou,column_cD_rd_OU,9,YES,nvarchar,,,2048,4096,
DB1,dbo,table_ou,column_cS_rd_XR,10,YES,nvarchar,,,255,510,
DB1,dbo,table_ou,column_cS_rd_BM,11,NO,uniqueidentifier,,,,,
DB1,dbo,table_ou,column_cN_rd_JB,12,YES,nvarchar,,,255,510,
DB1,dbo,table_ou,column_cO_rd_SS,13,YES,datetime,,,,,3
DB1,dbo,table_ou,column_cC_rd_IQ,14,YES,datetime,,,,,3
DB1,dbo,table_ou,column_cU_rd_HV,15,YES,numeric,16,4,,,
DB1,dbo,table_ou,column_cF_rd_VT,16,NO,bit,,,,,
DB1,dbo,table_ou,column_ny_ur_LG,17,YES,varchar,,,3,3,
DB1,dbo,table_ou,column_ny_ur_KL,18,YES,nvarchar,,,50,100,
DB1,dbo,table_ou,column_eO_ra_DN,19,NO,datetime,,,,,3
DB1,dbo,table_ou,column_eB_ra_OI,20,YES,nvarchar,,,200,400,
DB1,dbo,table_ou,column_eB_ra_RW,21,NO,uniqueidentifier,,,,,
DB1,dbo,table_ou,column_eO_pa_NX,22,YES,datetime,,,,,3
DB1,dbo,table_ou,column_eB_pa_WT,23,YES,nvarchar,,,200,400,
DB1,dbo,table_ou,column_eB_pa_PN,24,YES,uniqueidentifier,,,,,
DB1,dbo,table_ou,column_e_ee_LK,25,NO,bit,,,,,
DB1,dbo,table_ou,column_np_hw_OF,26,NO,bit,,,,,
DB1,dbo,table_ou,column_nn_hw_TI,27,NO,bit,,,,,
DB1,dbo,table_ou,column_ne_hw_PL,28,NO,bit,,,,,
DB1,dbo,table_ou,column_TG_vi_QQ,29,NO,bit,,,,,
